{"cameraMode":{"drawMode":0,"name":"Shaded","section":"Shading Mode"},"sceneLighting":false,"audioPlay":false,"sceneViewState":{"m_AlwaysRefresh":false,"showFog":true,"showSkybox":false,"showFlares":true,"showImageEffects":true,"showParticleSystems":true,"showVisualEffectGraphs":true,"m_FxEnabled":true},"in2DMode":false,"pivot":{"x":-1.3392404317855836,"y":-1.009434700012207,"z":6.381484508514404},"rotation":{"x":0.15921621024608613,"y":0.0044425735250115398,"z":-0.0007164811249822378,"w":0.9872341752052307},"size":7.5828752517700199,"orthographic":false}