{"cameraMode":{"drawMode":0,"name":"Shaded","section":"Shading Mode"},"sceneLighting":false,"audioPlay":false,"sceneViewState":{"m_AlwaysRefresh":false,"showFog":true,"showSkybox":false,"showFlares":true,"showImageEffects":true,"showParticleSystems":true,"showVisualEffectGraphs":true,"m_FxEnabled":true},"in2DMode":false,"pivot":{"x":-0.9160215258598328,"y":0.0977013111114502,"z":0.24402832984924317},"rotation":{"x":0.004620535299181938,"y":0.9290266633033752,"z":-0.3698805272579193,"w":0.011738440953195095},"size":2.1937415599823,"orthographic":false}