{"cameraMode":{"drawMode":0,"name":"Shaded","section":"Shading Mode"},"sceneLighting":false,"audioPlay":false,"sceneViewState":{"m_AlwaysRefresh":false,"showFog":true,"showSkybox":false,"showFlares":true,"showImageEffects":true,"showParticleSystems":true,"showVisualEffectGraphs":true,"m_FxEnabled":true},"in2DMode":false,"pivot":{"x":0.2699563205242157,"y":-0.7274222373962402,"z":-1.1036269664764405},"rotation":{"x":0.0000788853139965795,"y":-0.964729905128479,"z":0.2632603347301483,"w":0.00028578017372637987},"size":2.1937410831451418,"orthographic":false}