{"cameraMode":{"drawMode":0,"name":"Shaded","section":"Shading Mode"},"sceneLighting":false,"audioPlay":false,"sceneViewState":{"m_AlwaysRefresh":false,"showFog":true,"showSkybox":false,"showFlares":true,"showImageEffects":true,"showParticleSystems":true,"showVisualEffectGraphs":true,"m_FxEnabled":true},"in2DMode":false,"pivot":{"x":-0.00659555196762085,"y":0.12997102737426759,"z":0.568690299987793},"rotation":{"x":-0.1614600270986557,"y":0.6756027340888977,"z":-0.15524619817733766,"w":-0.7024532556533814},"size":4.7047247886657719,"orthographic":false}