{"cameraMode":{"drawMode":0,"name":"Shaded","section":"Shading Mode"},"sceneLighting":false,"audioPlay":false,"sceneViewState":{"m_AlwaysRefresh":false,"showFog":true,"showSkybox":false,"showFlares":true,"showImageEffects":true,"showParticleSystems":true,"showVisualEffectGraphs":true,"m_FxEnabled":true},"in2DMode":false,"pivot":{"x":354.0408630371094,"y":210.7211456298828,"z":-125.97411346435547},"rotation":{"x":-0.10568390786647797,"y":0.020301148295402528,"z":-0.0021141907200217249,"w":-0.9942265748977661},"size":0.8660253882408142,"orthographic":false}